<?xml version="1.0" encoding="UTF-8"?>
<project-private xmlns="http://www.netbeans.org/ns/project-private/1">
    <editor-bookmarks xmlns="http://www.netbeans.org/ns/editor-bookmarks/2" lastBookmarkId="0"/>
    <open-files xmlns="http://www.netbeans.org/ns/projectui-open-files/2">
        <group>
            <file>file:/C:/Users/enriq/Desktop/%C2%A0%C2%A0/PIC/Projects/PIC16F18876/roboticArm.X/uart.h</file>
            <file>file:/C:/Users/enriq/Desktop/%C2%A0%C2%A0/PIC/Projects/PIC16F18876/roboticArm.X/closedLoopController.h</file>
            <file>file:/C:/Users/enriq/Desktop/%C2%A0%C2%A0/PIC/Projects/PIC16F18876/roboticArm.X/interrupt.h</file>
        </group>
    </open-files>
</project-private>
